Name,Postcode,URL
A J & C I Snell,HR2 8JS,http://www.farmsunday.org/ofs12b/visit/event_details.eb?guid=1OXH0BEN62.A4XWE17J3CL7C
Abbey Home Farm,GL7 5HF,http://www.farmsunday.org/ofs12b/visit/event_details.eb?guid=1OXH0BEN62.A4YACVELJR9O4
AE Banks & Son Ltd,YO61 4AF,http://www.farmsunday.org/ofs12b/visit/event_details.eb?guid=1OXH0BEN62.A7631PLUJI7U7
Amelia Trust Farm,CF62 3AS,http://www.farmsunday.org/ofs12b/visit/event_details.eb?guid=1OXH0BEN62.A34B0EM72Y9DT
Apley Farm Shop,TF11 9EF,http://www.farmsunday.org/ofs12b/visit/event_details.eb?guid=1OXH0BEN62.A1C8CYNVR1UAA
Ardardan Estate,G82 5HD,http://www.farmsunday.org/ofs12b/visit/event_details.eb?guid=1OXH0BEN62.A7PA23O2Q656M
Ash Tree Farm,DE6 3AL,http://www.farmsunday.org/ofs12b/visit/event_details.eb?guid=1OXH0BEN62.A7AFMSWAN9XA9
Askham Bryan College,YO23 3FR,http://www.farmsunday.org/ofs12b/visit/event_details.eb?guid=1OXH0BEN62.A6XO1R51RSTHP
Asney Park Farm,LL13 0DS,http://www.farmsunday.org/ofs12b/visit/event_details.eb?guid=1OXH0BEN62.A3CY2D2RWOMFA
Awnells Farm,GL19 4QB,http://www.farmsunday.org/ofs12b/visit/event_details.eb?guid=1OXH0BEN62.A6V7AOXZDOWA3
B R Brooks & Son,ME13 9DA,http://www.farmsunday.org/ofs12b/visit/event_details.eb?guid=1OXH0BEN62.A5QEKXSAQAG2T
Badlesmere Court Farm,ME13 0NL,http://www.farmsunday.org/ofs12b/visit/event_details.eb?guid=1OXH0BEN62.A44KMH4W1GYZU
Bakers of Haselbury Plucknett,TA18 7PH,http://www.farmsunday.org/ofs12b/visit/event_details.eb?guid=1OXH0BEN62.A2BJPL64S5X4B
Barleylands Farm,CM11 2UD,http://www.farmsunday.org/ofs12b/visit/event_details.eb?guid=1OXH0BEN62.A39YLYKXLILYC
Barn Farm,PO7 4QH,http://www.farmsunday.org/ofs12b/visit/event_details.eb?guid=1OXH0BEN62.A4HIXDJBJFON7
Barr Farm,LN4 4BP,http://www.farmsunday.org/ofs12b/visit/event_details.eb?guid=1OXH0BEN62.A72ZRP62D3WBX
Bassettwood Farm,DE6 1RD,http://www.farmsunday.org/ofs12b/visit/event_details.eb?guid=1OXH0BEN62.A384Y3CM4V45U
Beauvale Abbey Farm,NG16 2AA,http://www.farmsunday.org/ofs12b/visit/event_details.eb?guid=1OXH0BEN62.A7DOFEUWYZ437
Bent Farm,DE6 1RD,http://www.farmsunday.org/ofs12b/visit/event_details.eb?guid=1OXH0BEN62.A71PNZLMQP3UA
Betty's Farm,DE65 6BW,http://www.farmsunday.org/ofs12b/visit/event_details.eb?guid=1OXH0BEN62.A3BGE0ODNHXTR
Biddenden Vineyards,TN27 8DF,http://www.farmsunday.org/ofs12b/visit/event_details.eb?guid=1OXH0BEN62.A2NEDWK0HPFF5
Bineham City Farm,TA10 9JF,http://www.farmsunday.org/ofs12b/visit/event_details.eb?guid=1OXH0BEN62.A769BAISDZRTD
Birchfield Farm,HG3 4JS,http://www.farmsunday.org/ofs12b/visit/event_details.eb?guid=1OXH0BEN62.A2D7W3CRNOMMA
Bosavern Community Farm,TR19 7RD,http://www.farmsunday.org/ofs12b/visit/event_details.eb?guid=1OXH0BEN62.A3BIPEGWJU4X5
Boston Park Farm (ONLY OPEN 31ST MAY 2015),DN76DS,http://www.farmsunday.org/ofs12b/visit/event_details.eb?guid=1OXH0BEN62.A31EBM7FF6C5W
Boundary Farm,LE9 4LT,http://www.farmsunday.org/ofs12b/visit/event_details.eb?guid=1OXH0BEN62.A7N38UTNF2AA8
Bowes Farms Limited,IP25 7AF,http://www.farmsunday.org/ofs12b/visit/event_details.eb?guid=1OXH0BEN62.A75V0XF6P629Q
Brattleby Farm,LN1 2SQ,http://www.farmsunday.org/ofs12b/visit/event_details.eb?guid=1OXH0BEN62.A3ZUUDJD9NIUQ
Briddlesford Lodge Farm,PO33 4RY,http://www.farmsunday.org/ofs12b/visit/event_details.eb?guid=1OXH0BEN62.A7P11QXCX9TVM
Broadlands Farm,EX23 0BY,http://www.farmsunday.org/ofs12b/visit/event_details.eb?guid=1OXH0BEN62.A67FZCH5C8K3A
Broom House Farm,DH7 6TR,http://www.farmsunday.org/ofs12b/visit/event_details.eb?guid=1OXH0BEN62.A6UIRC6SDQWAQ
Browns of Stagsden,MK43 8SQ,http://www.farmsunday.org/ofs12b/visit/event_details.eb?guid=1OXH0BEN62.A6M610XRAK0UE
Brynmawr Farm,SY7 8QU,http://www.farmsunday.org/ofs12b/visit/event_details.eb?guid=1OXH0BEN62.A3SMJ86CXTYRI
Burden Bros - Old Rides Farm,ME12 4BD,http://www.farmsunday.org/ofs12b/visit/event_details.eb?guid=1OXH0BEN62.A38GKK6HVH3XN
Penlan Uchaf Farm,SA17 5AF,http://www.farmsunday.org/ofs12b/visit/event_details.eb?guid=1OXH0BEN62.A1C00F57XBJK3
Burwash Manor,CB23 7EY,http://www.farmsunday.org/ofs12b/visit/event_details.eb?guid=1OXH0BEN62.A3YRNHQKJJOYT
Butlers Road Farm,CV36 5LQ,http://www.farmsunday.org/ofs12b/visit/event_details.eb?guid=1OXH0BEN62.A4RCXYEJUWKQS
Cairnton Farm,AB31 4QP,http://www.farmsunday.org/ofs12b/visit/event_details.eb?guid=1OXH0BEN62.A7BT9YJ7QM4IP
Camel Community Supported Agriculture,PL30 3EF,http://www.farmsunday.org/ofs12b/visit/event_details.eb?guid=1OXH0BEN62.A7DDS7H7JEN55
Cappleside Farm,BD24 0LJ,http://www.farmsunday.org/ofs12b/visit/event_details.eb?guid=1OXH0BEN62.A6D57GZUZWQ1G
Carr House Farm,YO25 8BS,http://www.farmsunday.org/ofs12b/visit/event_details.eb?guid=1OXH0BEN62.A4B9VBA8F7I3M
Carreg-y-llech,CH7 4 NZ,http://www.farmsunday.org/ofs12b/visit/event_details.eb?guid=1OXH0BEN62.A6NOTWRG92QX8
Castleton Farm,AB30 1JX,http://www.farmsunday.org/ofs12b/visit/event_details.eb?guid=1OXH0BEN62.A2X4NUY76U3KK
CE Holt & Partners,PO18 0JQ,http://www.farmsunday.org/ofs12b/visit/event_details.eb?guid=1OXH0BEN62.A4FKUJUQZRYPO
Chapman Farms Ltd,NR29 4PT,http://www.farmsunday.org/ofs12b/visit/event_details.eb?guid=1OXH0BEN62.A5E7UVCXPNW6R
Chatham Green Project - Hyde Hall Farm,CM3 3FE (CM3 3LQ For Sat Navs),http://www.farmsunday.org/ofs12b/visit/event_details.eb?guid=1OXH0BEN62.A7HJSSNE383B1
Chedzoy & Gothard,TA3 6JQ,http://www.farmsunday.org/ofs12b/visit/event_details.eb?guid=1OXH0BEN62.A7LRDZO75GKI5
Chegworth Valley,ME17 1DE,http://www.farmsunday.org/ofs12b/visit/event_details.eb?guid=1OXH0BEN62.A35P8VOPGDBGZ
Cheshire Wildlife Trust,SY14 8EF,http://www.farmsunday.org/ofs12b/visit/event_details.eb?guid=1OXH0BEN62.A3SKKUKKWTEIO
Church Farm,GL20 6HT,http://www.farmsunday.org/ofs12b/visit/event_details.eb?guid=1OXH0BEN62.A74IWQ0NFMXJQ
Clavering Place Farm,CB11 4RN,http://www.farmsunday.org/ofs12b/visit/event_details.eb?guid=1OXH0BEN62.A2RJQOBCVOVC1
Click Cluck,CB7 5NR,http://www.farmsunday.org/ofs12b/visit/event_details.eb?guid=1OXH0BEN62.A4A3QVIHIKS0I
Clyth Mains (Hen Sheds),KW3 6AX,http://www.farmsunday.org/ofs12b/visit/event_details.eb?guid=1OXH0BEN62.A7DHLPK34WJZS
Commonwork at Bore Place (ONLY OPEN 12TH JULY 2015),TN8 7AR,http://www.farmsunday.org/ofs12b/visit/event_details.eb?guid=1OXH0BEN62.A2LJJ5QNUTAPJ
Cools Farm,SP3 6DB,http://www.farmsunday.org/ofs12b/visit/event_details.eb?guid=1OXH0BEN62.A2NI4YS0FYWWB
Cornerways Nursery,PE33 9RS,http://www.farmsunday.org/ofs12b/visit/event_details.eb?guid=1OXH0BEN62.A4E36PYOP5V5K
Cotesbach Estate,LE17 4HX,http://www.farmsunday.org/ofs12b/visit/event_details.eb?guid=1OXH0BEN62.A4R7MAELXR2UP
Coulton Mill Farm,YO62 4ND,http://www.farmsunday.org/ofs12b/visit/event_details.eb?guid=1OXH0BEN62.A4DVCA30JRVU6
Courthill Farm,BN18 0RL,http://www.farmsunday.org/ofs12b/visit/event_details.eb?guid=1OXH0BEN62.A2NE9W4SFM9M0
Cowran Estate,LA12 0JW,http://www.farmsunday.org/ofs12b/visit/event_details.eb?guid=1OXH0BEN62.A7HK2XU530GX4
Cranborne Farms,BH21 5RN,http://www.farmsunday.org/ofs12b/visit/event_details.eb?guid=1OXH0BEN62.A6AK226YGN1OJ
Crichie Farms,AB42 5DY,http://www.farmsunday.org/ofs12b/visit/event_details.eb?guid=1OXH0BEN62.A5UR5LUBPHBC1
Crooked End Farm Limited,GL17 9XF,http://www.farmsunday.org/ofs12b/visit/event_details.eb?guid=1OXH0BEN62.A7J3YY7RQLFKW
Crutchley Farms,DT6 3SS,http://www.farmsunday.org/ofs12b/visit/event_details.eb?guid=1OXH0BEN62.A3KE2T2Y48S3L
Curborough Hall Farm,WS13 8ES,http://www.farmsunday.org/ofs12b/visit/event_details.eb?guid=1OXH0BEN62.A7AADNYF26SVH
Curlew Fields Farm,YO26 8JS,http://www.farmsunday.org/ofs12b/visit/event_details.eb?guid=1OXH0BEN62.A49KXYR1OVDXZ
D H Lodge & Son,LS26 9DD,http://www.farmsunday.org/ofs12b/visit/event_details.eb?guid=1OXH0BEN62.A7EL737HKUV0J
Dalmore Farm,IV17 0UX,http://www.farmsunday.org/ofs12b/visit/event_details.eb?guid=1OXH0BEN62.A2RW8FIG1BFST
Densholme Farm,HU11 4UR,http://www.farmsunday.org/ofs12b/visit/event_details.eb?guid=1OXH0BEN62.A73MO7XNRZJNI
Derby College,DE7 6DN,http://www.farmsunday.org/ofs12b/visit/event_details.eb?guid=1OXH0BEN62.A6W66U9WJ5K7N
Dolgoch Farm,SA38 9EU,http://www.farmsunday.org/ofs12b/visit/event_details.eb?guid=1OXH0BEN62.A5DQIWBF8O1J6
Double H Nurseries Ltd,BH25 5NG,http://www.farmsunday.org/ofs12b/visit/event_details.eb?guid=1OXH0BEN62.A7LKWAIYEGOO8
Down To Earth Farm,SO16 9RG,http://www.farmsunday.org/ofs12b/visit/event_details.eb?guid=1OXH0BEN62.A4CK3KR2PA5VW
Earls Court Farm Ltd,RG17 7SH,http://www.farmsunday.org/ofs12b/visit/event_details.eb?guid=1OXH0BEN62.A60K16QLKSCH7
East Close Farms,BH23 7EB,http://www.farmsunday.org/ofs12b/visit/event_details.eb?guid=1OXH0BEN62.A3JNIU4MBKYB7
Eastleach Downs Organic Farm,GL7 3PX,http://www.farmsunday.org/ofs12b/visit/event_details.eb?guid=1OXH0BEN62.A7ACL558FNRJM
Easton & Otley College,NR9 5DX,http://www.farmsunday.org/ofs12b/visit/event_details.eb?guid=1OXH0BEN62.A4CRTJT1ZM4GZ
Easton Farm Park,IP13 0EQ,http://www.farmsunday.org/ofs12b/visit/event_details.eb?guid=1OXH0BEN62.A63POJAAZCZTN
Elm Tree Farm,BS16 1AA,http://www.farmsunday.org/ofs12b/visit/event_details.eb?guid=1OXH0BEN62.A3H9W2RSHDX2Q
Elmtree Farm,GL12 8HF,http://www.farmsunday.org/ofs12b/visit/event_details.eb?guid=1OXH0BEN62.A53KPXYKLCJ5N
F.G. Battle & Sons Ltd,LN4 2DS,http://www.farmsunday.org/ofs12b/visit/event_details.eb?guid=1OXH0BEN62.A6UKR5GKRWBT4
Fancys Family Farm,DT5 1FR,http://www.farmsunday.org/ofs12b/visit/event_details.eb?guid=1OXH0BEN62.A77ZVS7XRDFBO
Farmcare Ltd - Stoughton Estate,LE2 2FG,http://www.farmsunday.org/ofs12b/visit/event_details.eb?guid=1OXH0BEN62.A440TSQFZO9WL
Farmeco (OPEN ON SAT 6TH & SUN 7TH JUNE 2015),NG13 8JL,http://www.farmsunday.org/ofs12b/visit/event_details.eb?guid=1OXH0BEN62.A45HHXPPOYIEF
Farmer Copleys Farm,WF7 5AF,http://www.farmsunday.org/ofs12b/visit/event_details.eb?guid=1OXH0BEN62.A7NDH2PN8OMD9
Fell View Park,PR3 1DA,http://www.farmsunday.org/ofs12b/visit/event_details.eb?guid=1OXH0BEN62.A5NL1SWA1NKW7
Field Farm,OX49 5RR,http://www.farmsunday.org/ofs12b/visit/event_details.eb?guid=1OXH0BEN62.A5TZ0DV6MGSTV
Fir Tree Farm,WA11 8RG,http://www.farmsunday.org/ofs12b/visit/event_details.eb?guid=1OXH0BEN62.A3SQNPJGP9UQ3
Five Lanes Farm,SN10 5PT,http://www.farmsunday.org/ofs12b/visit/event_details.eb?guid=1OXH0BEN62.A4LO9Y0VFY8K8
Fiveways Fruit Farm,CO3 0QR,http://www.farmsunday.org/ofs12b/visit/event_details.eb?guid=1OXH0BEN62.A694ELPE1IO8O
Fold Farm,EN5 4RA,http://www.farmsunday.org/ofs12b/visit/event_details.eb?guid=1OXH0BEN62.A4MLIAA32OIIB
Forty Hall Farm,EN2 9HA,http://www.farmsunday.org/ofs12b/visit/event_details.eb?guid=1OXH0BEN62.A3ZRUST4L3VNW
Fosse Farm,BA3 4RA,http://www.farmsunday.org/ofs12b/visit/event_details.eb?guid=1OXH0BEN62.A1TLZ48B3UX5Y
Fowl Green Farm,YO21 2HN,http://www.farmsunday.org/ofs12b/visit/event_details.eb?guid=1OXH0BEN62.A23IRHXUM7G73
Foxholes Farm,SG13 7NT,http://www.farmsunday.org/ofs12b/visit/event_details.eb?guid=1OXH0BEN62.A7D5FYS7WQ4AW
Franklins of Thorncote,SG19 1PU,http://www.farmsunday.org/ofs12b/visit/event_details.eb?guid=1OXH0BEN62.A3ZSNXQTJBGB
Frogmary Green Farm (ONLY OPEN 14TH JUNE 2015),TA13 5DJ,http://www.farmsunday.org/ofs12b/visit/event_details.eb?guid=1OXH0BEN62.A42ERKQF8GV1E
Fronlas Farm,SY16 4JA,http://www.farmsunday.org/ofs12b/visit/event_details.eb?guid=1OXH0BEN62.A4PM9CVJ97IGC
G H Dean & Co Ltd,ME9 9BJ,http://www.farmsunday.org/ofs12b/visit/event_details.eb?guid=1OXH0BEN62.A77DHJ0I40VXJ
Gable End Farm,SN15 4JY,http://www.farmsunday.org/ofs12b/visit/event_details.eb?guid=1OXH0BEN62.A67WASNANKN6S
Geoffrey Mayhew Farms Ltd,IP9 1LH,http://www.farmsunday.org/ofs12b/visit/event_details.eb?guid=1OXH0BEN62.A3H3XFFSVDL74
Glebe Farm,NN14 4ES,http://www.farmsunday.org/ofs12b/visit/event_details.eb?guid=1OXH0BEN62.A6JQR9UQJFVA1
Gold Hill Organic Farm,DT11 8HB,http://www.farmsunday.org/ofs12b/visit/event_details.eb?guid=1OXH0BEN62.A5I9T8H07R63S
Goldsland Farm,CF5 6BE,http://www.farmsunday.org/ofs12b/visit/event_details.eb?guid=1OXH0BEN62.A6FANA9YEIEX6
Gorse Hill City Farm,LE4 0FJ,http://www.farmsunday.org/ofs12b/visit/event_details.eb?guid=1OXH0BEN62.A3ZT10FC1TYAR
Grange Farm,NN29 7HJ,http://www.farmsunday.org/ofs12b/visit/event_details.eb?guid=1OXH0BEN62.A3FF0TUJ51LX9
Great Wollaston,SY5 9DN,http://www.farmsunday.org/ofs12b/visit/event_details.eb?guid=1OXH0BEN62.A70WXPMBHPFTU
Great Wood Farm,NG33 4DH,http://www.farmsunday.org/ofs12b/visit/event_details.eb?guid=1OXH0BEN62.A2RJINRTK4OOQ
Greenlands Farm Village,LA6 1JH,http://www.farmsunday.org/ofs12b/visit/event_details.eb?guid=1OXH0BEN62.A2BPO24Y1O97D
Greystones Farm,GL54 2EN,http://www.farmsunday.org/ofs12b/visit/event_details.eb?guid=1OXH0BEN62.A233R2HP57T7E
Guiting Manor Farms Ltd,GL54 5UX,http://www.farmsunday.org/ofs12b/visit/event_details.eb?guid=1OXH0BEN62.A373GB41A6OFQ
GWCT Allerton Project,LE7 9XE,http://www.farmsunday.org/ofs12b/visit/event_details.eb?guid=1OXH0BEN62.A78SLCUEN9B1S
H Colegrave & Son,OX16 9UP,http://www.farmsunday.org/ofs12b/visit/event_details.eb?guid=1OXH0BEN62.A6JESIL1M0X78
H Weston & Sons Ltd,HR8 2NQ,http://www.farmsunday.org/ofs12b/visit/event_details.eb?guid=1OXH0BEN62.A3SRSD49Q0YE7
Hall Farm,CW5 6DF,http://www.farmsunday.org/ofs12b/visit/event_details.eb?guid=1OXH0BEN62.A6T0H6LW5MMJ0
Hall Hunter Partnership - Groves Farm,PO20 2DX,http://www.farmsunday.org/ofs12b/visit/event_details.eb?guid=1OXH0BEN62.A49R3S9YU4X38
Hall Hunter Partnership - Sheeplands Farm,RG10 8DJ,http://www.farmsunday.org/ofs12b/visit/event_details.eb?guid=1OXH0BEN62.A4TLT89OOSCWJ
Hall Hunter Partnership - Tuesley Farm,GU7 1UG,http://www.farmsunday.org/ofs12b/visit/event_details.eb?guid=1OXH0BEN62.A4TLBX9DUWSHM
Hardington Moor National Nature Reserve,BA22 9BH,http://www.farmsunday.org/ofs12b/visit/event_details.eb?guid=1OXH0BEN62.A7DIT5C4SZD7J
Hardiwick Farm,ST18 0ED,http://www.farmsunday.org/ofs12b/visit/event_details.eb?guid=1OXH0BEN62.A6W35VZBX6LND
Hartland Moor National Nature Reserve,BH20 5DN,http://www.farmsunday.org/ofs12b/visit/event_details.eb?guid=1OXH0BEN62.A43Y30P6WAE61
Hawkstone Abbey Farm,SY4 5LN,http://www.farmsunday.org/ofs12b/visit/event_details.eb?guid=1OXH0BEN62.A4Y2WN5F6GXPA
Hawley Fields Farm/WHM Work Connections,LE12 7LU,http://www.farmsunday.org/ofs12b/visit/event_details.eb?guid=1OXH0BEN62.A5HX09C7NW5ZW
Hazel Head Farm,LA20 6DX,http://www.farmsunday.org/ofs12b/visit/event_details.eb?guid=1OXH0BEN62.A79J38EAXTUU8
Hazeldene Rare Breeds Farm,HP5 2XD,http://www.farmsunday.org/ofs12b/visit/event_details.eb?guid=1OXH0BEN62.A6OVCV4HHH97L
Hethenhill Farm,EX15 2NF,http://www.farmsunday.org/ofs12b/visit/event_details.eb?guid=1OXH0BEN62.A6TBO5FUP0PGQ
High Farndale,YO62 7LH,http://www.farmsunday.org/ofs12b/visit/event_details.eb?guid=1OXH0BEN62.A4439DM6CN29H
Higher Bumsley Farm,EX31 4PT,http://www.farmsunday.org/ofs12b/visit/event_details.eb?guid=1OXH0BEN62.A3BCY2BVN92PN
Highlands Park Farm,DE13 9RU,http://www.farmsunday.org/ofs12b/visit/event_details.eb?guid=1OXH0BEN62.A7DCG5ZUKKMOI
Hill Farm,LE65 1WU,http://www.farmsunday.org/ofs12b/visit/event_details.eb?guid=1OXH0BEN62.A6EVHNDRJG9TL
Hilton of Aldie Farm,KY13 0QJ,http://www.farmsunday.org/ofs12b/visit/event_details.eb?guid=1OXH0BEN62.A2XFU8CHAHMQ9
Holkham,NR23 1AB,http://www.farmsunday.org/ofs12b/visit/event_details.eb?guid=1OXH0BEN62.A4FBHX2EVRNIK
Holly Lane Farm,EX21 5UF,http://www.farmsunday.org/ofs12b/visit/event_details.eb?guid=1OXH0BEN62.A343TOAPVC5AI
Holme Lodge Farm,YO43 4BU,http://www.farmsunday.org/ofs12b/visit/event_details.eb?guid=1OXH0BEN62.A7275RQLUSJR0
Home Farm,SY4 4TN,http://www.farmsunday.org/ofs12b/visit/event_details.eb?guid=1OXH0BEN62.A5HXQEJ1RBXA4
Homegrownandraised,PE28 0UA,http://www.farmsunday.org/ofs12b/visit/event_details.eb?guid=1OXH0BEN62.A44DB7RC3W27H
Hounslow Hall Estate,MK17 0BU,http://www.farmsunday.org/ofs12b/visit/event_details.eb?guid=1OXH0BEN62.A3IR6JTK8BFQ3
Huntstile Organic Farm,TA5 2DQ,http://www.farmsunday.org/ofs12b/visit/event_details.eb?guid=1OXH0BEN62.A417KQ3VJ0OLL
Ivy House Farm,YO7 4QL,http://www.farmsunday.org/ofs12b/visit/event_details.eb?guid=1OXH0BEN62.A5C0LLZQVBOB5
J & H Robinson (Iford Farms) Ltd,BN7 3EU,http://www.farmsunday.org/ofs12b/visit/event_details.eb?guid=1OXH0BEN62.A2LVS9S5PH6Z2
J B Shropshire and Sons,CB7 5TZ,http://www.farmsunday.org/ofs12b/visit/event_details.eb?guid=1OXH0BEN62.A3T21IARA15E6
J Dobson & Son (Carlton) Ltd,WF3 3QR,http://www.farmsunday.org/ofs12b/visit/event_details.eb?guid=1OXH0BEN62.A2X35WJCEWJPK
Quickes Farm,EX5 5AY,http://www.farmsunday.org/ofs12b/visit/event_details.eb?guid=1OXH0BEN62.A1NM2U0CM4ZW4
J. Cossins & Sons Ltd,DT11 8SF,http://www.farmsunday.org/ofs12b/visit/event_details.eb?guid=1OXH0BEN62.A4JTV959WTJX4
Karoben,TN27 8PD,http://www.farmsunday.org/ofs12b/visit/event_details.eb?guid=1OXH0BEN62.A781927ZCUGBV
Kenniford Farm,EX5 1AQ,http://www.farmsunday.org/ofs12b/visit/event_details.eb?guid=1OXH0BEN62.A6HY9NGIDEKG1
Kentwell Hall (OPEN SAT 6TH & SUN 7TH JUNE 2015),CO10 9BA,http://www.farmsunday.org/ofs12b/visit/event_details.eb?guid=1OXH0BEN62.A59IB6T2294S7
Kilmaron Farm,KY15 4PE,http://www.farmsunday.org/ofs12b/visit/event_details.eb?guid=1OXH0BEN62.A4TQTOBY9F72A
Kingham Farms,SN8 2NP,http://www.farmsunday.org/ofs12b/visit/event_details.eb?guid=1OXH0BEN62.A7P2SSD6RUWW
Kirkton & Auchtertyre Farms,FK20 8RU,http://www.farmsunday.org/ofs12b/visit/event_details.eb?guid=1OXH0BEN62.A5ICB4QKCXTTN
Knepp Castle Home Farm,RH13 8NN,http://www.farmsunday.org/ofs12b/visit/event_details.eb?guid=1OXH0BEN62.A580ERIRXFSOW
Kylerona Farm (Macleod Organics),IV2 7QZ,http://www.farmsunday.org/ofs12b/visit/event_details.eb?guid=1OXH0BEN62.A5TNDEOXPXPE9
L J Betts Ltd,ME19 5NX,http://www.farmsunday.org/ofs12b/visit/event_details.eb?guid=1OXH0BEN62.A4TVN3824WSQV
Laceys Family Farm,HP14 3LP,http://www.farmsunday.org/ofs12b/visit/event_details.eb?guid=1OXH0BEN62.A3905RPDAHWQV
Leckford Estate - the Waitrose Farm,SO20 6JF,http://www.farmsunday.org/ofs12b/visit/event_details.eb?guid=1OXH0BEN62.A2Q4JBF2OWGLX
Lewis Partners,IP20 9QU,http://www.farmsunday.org/ofs12b/visit/event_details.eb?guid=1OXH0BEN62.A6JQ5WDBD0MJP
Lindsey Lodge Farm Limited,IP7 6QA,http://www.farmsunday.org/ofs12b/visit/event_details.eb?guid=1OXH0BEN62.A2WX4YZ5LTTSM
Little Gate Farm,TN31 6RZ,http://www.farmsunday.org/ofs12b/visit/event_details.eb?guid=1OXH0BEN62.A56O3IEQD793M
Little Heath Farm,WA14 4SE,http://www.farmsunday.org/ofs12b/visit/event_details.eb?guid=1OXH0BEN62.A6B1ZCGL3UM3C
Little Markfield Farm,LE67 9UN,http://www.farmsunday.org/ofs12b/visit/event_details.eb?guid=1OXH0BEN62.A1XERHZ31NB2E
Lizzie's Farm,B61 0QG,http://www.farmsunday.org/ofs12b/visit/event_details.eb?guid=1OXH0BEN62.A7NGLAK3PSU0X
Longlands Farm,DE12 6RY,http://www.farmsunday.org/ofs12b/visit/event_details.eb?guid=1OXH0BEN62.A6G8AUA8ECI7Q
Lotmead Farm,SN4 0SN,http://www.farmsunday.org/ofs12b/visit/event_details.eb?guid=1OXH0BEN62.A7F672X9IV392
Low Sizergh Farm,LA8 8AE,http://www.farmsunday.org/ofs12b/visit/event_details.eb?guid=1OXH0BEN62.A75W8T6N58FY0
Lower Blakemere Farm,HR2 9PX,http://www.farmsunday.org/ofs12b/visit/event_details.eb?guid=1OXH0BEN62.A74OZQ63QE129
Lower Castle Hayes,DE13 9PH,http://www.farmsunday.org/ofs12b/visit/event_details.eb?guid=1OXH0BEN62.A56SHOTLR3MJA
Lower Drayton Farm,ST19 5RE,http://www.farmsunday.org/ofs12b/visit/event_details.eb?guid=1OXH0BEN62.A413UBZURQV55
Lower Farm,DT9 6QX,http://www.farmsunday.org/ofs12b/visit/event_details.eb?guid=1OXH0BEN62.A7HI1MYLHTFYR
Lower Hewood Farm,TA20 4NR,http://www.farmsunday.org/ofs12b/visit/event_details.eb?guid=1OXH0BEN62.A7IVR5CPCNB2N
Lower Marsh Farm,TA2 8AB,http://www.farmsunday.org/ofs12b/visit/event_details.eb?guid=1OXH0BEN62.A4TPSNZ9QMTP6
Lower Sycamore Farm,S74 9NL,http://www.farmsunday.org/ofs12b/visit/event_details.eb?guid=1OXH0BEN62.A7629UEVCY19Z
Loxley Valley Community Farm,S6 6RB,http://www.farmsunday.org/ofs12b/visit/event_details.eb?guid=1OXH0BEN62.A7KQAB7OON47D
Manor Farm,LE17 6DB,http://www.farmsunday.org/ofs12b/visit/event_details.eb?guid=1OXH0BEN62.A693XTQPO6J0X
Manor Farm,SN11 8SW,http://www.farmsunday.org/ofs12b/visit/event_details.eb?guid=1OXH0BEN62.A1AYKXFSUTW6D
Manor Farm,CB23 1EY,http://www.farmsunday.org/ofs12b/visit/event_details.eb?guid=1OXH0BEN62.A1C1GOZPTVTYR
Markwell Farm,PL12 5EQ,http://www.farmsunday.org/ofs12b/visit/event_details.eb?guid=1OXH0BEN62.A6XE8NJ05PS4J
Marsh Farm & Chalder Farm,PO20 7RN,http://www.farmsunday.org/ofs12b/visit/event_details.eb?guid=1OXH0BEN62.A41PD8RU9V3IL
Meadowlea Farm,TA13 5EX,http://www.farmsunday.org/ofs12b/visit/event_details.eb?guid=1OXH0BEN62.A7HCQYHS97EHG
MHS Farms Ltd,PE6 0SY,http://www.farmsunday.org/ofs12b/visit/event_details.eb?guid=1OXH0BEN62.A1DFKYS7NKZTX
Middle Farm,SO24 0PW,http://www.farmsunday.org/ofs12b/visit/event_details.eb?guid=1OXH0BEN62.A5WC6ZAMJ5M6C
Minting Park Farm,LN8 5JP,http://www.farmsunday.org/ofs12b/visit/event_details.eb?guid=1OXH0BEN62.A37HAEU6H94HT
Molescroft Grange Farm,HU17 9FS,http://www.farmsunday.org/ofs12b/visit/event_details.eb?guid=1OXH0BEN62.A6PF49EBOIEFW
Moor Farm,SY4 2BA,http://www.farmsunday.org/ofs12b/visit/event_details.eb?guid=1OXH0BEN62.A5DPCI7AYHFNE
Morley Farms Ltd,NR18 9DF,http://www.farmsunday.org/ofs12b/visit/event_details.eb?guid=1OXH0BEN62.A4YFHVD77YF8M
Muddy Boots,KY15 7TJ,http://www.farmsunday.org/ofs12b/visit/event_details.eb?guid=1OXH0BEN62.A77X77SA4J5LY
Murton Moor Farm,SR7 9TN,http://www.farmsunday.org/ofs12b/visit/event_details.eb?guid=1OXH0BEN62.A4ZLHKKULTNTU
Newbottle Estate Farms,NN13 5PJ,http://www.farmsunday.org/ofs12b/visit/event_details.eb?guid=1OXH0BEN62.A6XANEDMP15VH
Newcastle University - Cockle Park Farm,NE61 3EA,http://www.farmsunday.org/ofs12b/visit/event_details.eb?guid=1OXH0BEN62.A4LG0Q6EMRTQT
Nibthwaite Grange Farm,LA12 8DB,http://www.farmsunday.org/ofs12b/visit/event_details.eb?guid=1OXH0BEN62.A3VI0N3FISJ07
Northdown Orchard,RG25 3BP,http://www.farmsunday.org/ofs12b/visit/event_details.eb?guid=1OXH0BEN62.A4Z8EDN0GONVL
Northfield Farm,LE15 7QF,http://www.farmsunday.org/ofs12b/visit/event_details.eb?guid=1OXH0BEN62.A2VRADFI1P3FE
Nottingham Trent University - Brackenhurst Campus,NG25 0QF,http://www.farmsunday.org/ofs12b/visit/event_details.eb?guid=1OXH0BEN62.A38J3ADWJELVJ
Noverton Farm,WR6 6SG,http://www.farmsunday.org/ofs12b/visit/event_details.eb?guid=1OXH0BEN62.A6XEQPG2W21BL
Nunton Farm,SP5 4HY,http://www.farmsunday.org/ofs12b/visit/event_details.eb?guid=1OXH0BEN62.A3TZXGL77GQDZ
Oak Farm,NN6 6BX,http://www.farmsunday.org/ofs12b/visit/event_details.eb?guid=1OXH0BEN62.A4JTD6UY3QXAI
Oakfield Farm,DE7 6FP,http://www.farmsunday.org/ofs12b/visit/event_details.eb?guid=1OXH0BEN62.A4MPL1PINLDS3
Oaklands Park Farm & Garden,GL14 1EF,http://www.farmsunday.org/ofs12b/visit/event_details.eb?guid=1OXH0BEN62.A3HDBBOCZPZMY
Oakley Grange Organic Farm,LE12 5LL,http://www.farmsunday.org/ofs12b/visit/event_details.eb?guid=1OXH0BEN62.A760QA5JPP5ZF
Old Cogan Hall Farm,CF64 2TQ,http://www.farmsunday.org/ofs12b/visit/event_details.eb?guid=1OXH0BEN62.A6D7LMF6N9MAQ
Old Farm,GL56 9NS,http://www.farmsunday.org/ofs12b/visit/event_details.eb?guid=1OXH0BEN62.A3BOZ984KA5QR
Old Hall Farm,NR19 1QF,http://www.farmsunday.org/ofs12b/visit/event_details.eb?guid=1OXH0BEN62.A7HPYNLKEBCFP
Old Macdonald's Educational and Leisure Farm Park,CM14 5AY,http://www.farmsunday.org/ofs12b/visit/event_details.eb?guid=1OXH0BEN62.A7BWNNDON843Z
Orchard Organic Farm,TQ12 4QR,http://www.farmsunday.org/ofs12b/visit/event_details.eb?guid=1OXH0BEN62.A65J5EAZ45QZG
Orchard View Farm - Shop - Cafe,HP17 9UG,http://www.farmsunday.org/ofs12b/visit/event_details.eb?guid=1OXH0BEN62.A37OJZQ5FX0BO
Our Cow Molly Dairy Farm,S6 6GW,http://www.farmsunday.org/ofs12b/visit/event_details.eb?guid=1OXH0BEN62.A7J1BCZZYTLKU
Our Kitchen Garden/Hall Farm Woodrising,NR9 4AH,http://www.farmsunday.org/ofs12b/visit/event_details.eb?guid=1OXH0BEN62.A6HKDX77IJG43
Overbury Farms,GL20 7NR,http://www.farmsunday.org/ofs12b/visit/event_details.eb?guid=1OXH0BEN62.A4CJWYRRUDIEJ
Overton Farm,ML8 5QF,http://www.farmsunday.org/ofs12b/visit/event_details.eb?guid=1OXH0BEN62.A7KRY8YPPV7CM
Overtown Farm,SN4 0SH,http://www.farmsunday.org/ofs12b/visit/event_details.eb?guid=1OXH0BEN62.A3ZWOV4D8HLDO
P T Hosier and Son,SN8 3SQ,http://www.farmsunday.org/ofs12b/visit/event_details.eb?guid=1OXH0BEN62.A2X7YB55XRNJL
Packington Field Farm,WS14 9PN,http://www.farmsunday.org/ofs12b/visit/event_details.eb?guid=1OXH0BEN62.A4ZEE7L0NID7K
Palace Rigg Country Park,G67 3HU,http://www.farmsunday.org/ofs12b/visit/event_details.eb?guid=1OXH0BEN62.A7LQ1T572BWK7
Park Farm,IP17 3QX,http://www.farmsunday.org/ofs12b/visit/event_details.eb?guid=1OXH0BEN62.A6J3YINLO0ENO
Park Farm,TN16 1LL,http://www.farmsunday.org/ofs12b/visit/event_details.eb?guid=1OXH0BEN62.A4NVPU0XOMX1S
Park House Farm,YO42 4TD,http://www.farmsunday.org/ofs12b/visit/event_details.eb?guid=1OXH0BEN62.A77LXAOSXI8PR
Peel Farm,DD8 5JJ,http://www.farmsunday.org/ofs12b/visit/event_details.eb?guid=1OXH0BEN62.A5DVOA2OZ77RY
Pengraig goch,SA19 9TH,http://www.farmsunday.org/ofs12b/visit/event_details.eb?guid=1OXH0BEN62.A4S9M59O5MV62
Penventon Farm,TR13 0RA,http://www.farmsunday.org/ofs12b/visit/event_details.eb?guid=1OXH0BEN62.A3A419WKQWH5I
Pheasants Roost,LE15 8RN,http://www.farmsunday.org/ofs12b/visit/event_details.eb?guid=1OXH0BEN62.A7NJPV0ED0PDQ
Pierrepont Farm,GU10 3BS,http://www.farmsunday.org/ofs12b/visit/event_details.eb?guid=1OXH0BEN62.A6KH4JAVJ76PA
Pigeons Farm,PE6 0TD,http://www.farmsunday.org/ofs12b/visit/event_details.eb?guid=1OXH0BEN62.A7A3ZKB0PE28C
Pink Pig Farm,DN16 3RE,http://www.farmsunday.org/ofs12b/visit/event_details.eb?guid=1OXH0BEN62.A6M6UWAV1LRH3
Pitgaveny Farms (ONLY OPEN 24TH MAY 2015),IV30 5PQ,http://www.farmsunday.org/ofs12b/visit/event_details.eb?guid=1OXH0BEN62.A46V0SDTRJKBJ
Place UK,NR12 8RQ,http://www.farmsunday.org/ofs12b/visit/event_details.eb?guid=1OXH0BEN62.A74E8AED6CFOR
Plainspot Farm,NG16 5BQ,http://www.farmsunday.org/ofs12b/visit/event_details.eb?guid=1OXH0BEN62.A41C0G2SAWG1C
Poplar Farm,IP30 0PP,http://www.farmsunday.org/ofs12b/visit/event_details.eb?guid=1OXH0BEN62.A755VNJ4A8HG4
Poundfield Farm,BN27 3TH,http://www.farmsunday.org/ofs12b/visit/event_details.eb?guid=1OXH0BEN62.A7FZF6CKGRA7G
Princess Christian's Farm,TN11 9LN,http://www.farmsunday.org/ofs12b/visit/event_details.eb?guid=1OXH0BEN62.A3ZSPPUJ9KKG
Quarry Farm,TQ9 5NE,http://www.farmsunday.org/ofs12b/visit/event_details.eb?guid=1OXH0BEN62.A49WIPSEC8ZQ0
R C Browne and Son,IP28 6JY,http://www.farmsunday.org/ofs12b/visit/event_details.eb?guid=1OXH0BEN62.A2OIW5RTA0LQC
Manor Farm,NR16 1DS,http://www.farmsunday.org/ofs12b/visit/event_details.eb?guid=1OXH0BEN62.A6G01JXPSW40Q
Rectory Farm (ONLY OPEN SUN 14TH JUNE 2015),MK16 9HH,http://www.farmsunday.org/ofs12b/visit/event_details.eb?guid=1OXH0BEN62.A4K4QSJCAZVX0
Red Bank Farm,WA12 8DU,http://www.farmsunday.org/ofs12b/visit/event_details.eb?guid=1OXH0BEN62.A6RUVYBARAAFV
Redmoor Fruit Farm,PE14 0RN,http://www.farmsunday.org/ofs12b/visit/event_details.eb?guid=1OXH0BEN62.A1DRQPG1O3TP
Renner Farming,NE70 7HP,http://www.farmsunday.org/ofs12b/visit/event_details.eb?guid=1OXH0BEN62.A3BBG1M4R75F5
River Bourne Community Farm,SP1 2SR,http://www.farmsunday.org/ofs12b/visit/event_details.eb?guid=1OXH0BEN62.A63EHOROKPJR4
Road Farm,HP16 9LS,http://www.farmsunday.org/ofs12b/visit/event_details.eb?guid=1OXH0BEN62.A573CVGQ1WEM
Romshed Farm,TN15 0SD,http://www.farmsunday.org/ofs12b/visit/event_details.eb?guid=1OXH0BEN62.A2BPFCANMCIV3
Row Farm,RG42 6NG,http://www.farmsunday.org/ofs12b/visit/event_details.eb?guid=1OXH0BEN62.A62GU7HO7GCEP
Rowdefield Farm,SN10 2JE,http://www.farmsunday.org/ofs12b/visit/event_details.eb?guid=1OXH0BEN62.A4P9M6HPNRPO5
Rowlands' Red Polls & Trafford Mill,CH2 4EB,http://www.farmsunday.org/ofs12b/visit/event_details.eb?guid=1OXH0BEN62.A3EEUC5DRWBJD
Rowntree Farms,BB7 4HZ,http://www.farmsunday.org/ofs12b/visit/event_details.eb?guid=1OXH0BEN62.A7HJAS8ZWQOBC
Royal School for Deaf Children,ME13 9EH,http://www.farmsunday.org/ofs12b/visit/event_details.eb?guid=1OXH0BEN62.A3ILIM4FXOHP0
Royal Veterinary College (Boltons Park Farm),EN6 1NB,http://www.farmsunday.org/ofs12b/visit/event_details.eb?guid=1OXH0BEN62.A4YBFO7OQJ0JH
RSPB Geltsdale Nature Reserve,CA8 2PW,http://www.farmsunday.org/ofs12b/visit/event_details.eb?guid=1OXH0BEN62.A1HO22U6M5DQZ
RSPB Hope Farm,CB23 4NR,http://www.farmsunday.org/ofs12b/visit/event_details.eb?guid=1OXH0BEN62.A74PDC2JIAX03
Russell Smith Farms,CB22 4QF,http://www.farmsunday.org/ofs12b/visit/event_details.eb?guid=1OXH0BEN62.A5TKE2IRWIX7P
S&A Soft Fruit Limited,HR1 3ET,http://www.farmsunday.org/ofs12b/visit/event_details.eb?guid=1OXH0BEN62.A4TQ1XKVGGCYS
Saddlescombe Farm,BN45 7DB,http://www.farmsunday.org/ofs12b/visit/event_details.eb?guid=1OXH0BEN62.A5F7Y476188R0
Saxelby Pastures,LE14 3NA,http://www.farmsunday.org/ofs12b/visit/event_details.eb?guid=1OXH0BEN62.A2LP17032QVNA
Scald End Farm,MK44 2DP,http://www.farmsunday.org/ofs12b/visit/event_details.eb?guid=1OXH0BEN62.A684OPLR6MMG3
Schoolhouse Farm,KW17 2QH,http://www.farmsunday.org/ofs12b/visit/event_details.eb?guid=1OXH0BEN62.A58IJBJFFSAYH
Scrubditch Care Farm,GL7 7DZ,http://www.farmsunday.org/ofs12b/visit/event_details.eb?guid=1OXH0BEN62.A77YERW2IXWVE
Seven Hills Produce,IP10 0DQ,http://www.farmsunday.org/ofs12b/visit/event_details.eb?guid=1OXH0BEN62.A2IYQHU43F8BR
Severndale Farm,NP16 7LL,http://www.farmsunday.org/ofs12b/visit/event_details.eb?guid=1OXH0BEN62.A23TJZY4601QY
Sheffield Farms,TN20 6RE,http://www.farmsunday.org/ofs12b/visit/event_details.eb?guid=1OXH0BEN62.A5OA9ZTMUQON9
Shenstone Park,WS14 0PZ,http://www.farmsunday.org/ofs12b/visit/event_details.eb?guid=1OXH0BEN62.A6J3YF6PG00KC
Silcocks Farm,TN30 6TJ,http://www.farmsunday.org/ofs12b/visit/event_details.eb?guid=1OXH0BEN62.A78RDDJVR0B4O
Sir Richard Sutton Estates,LN8 6HP,http://www.farmsunday.org/ofs12b/visit/event_details.eb?guid=1OXH0BEN62.A3JV6R9UXXBN
Slade Farm Organics,CF32 0TE,http://www.farmsunday.org/ofs12b/visit/event_details.eb?guid=1OXH0BEN62.A24DALB0OHQ3X
Slamseys Farm,CM77 7QW,http://www.farmsunday.org/ofs12b/visit/event_details.eb?guid=1OXH0BEN62.A7BX4GPS2O220
Solitaire Farm,SG19 3NY,http://www.farmsunday.org/ofs12b/visit/event_details.eb?guid=1OXH0BEN62.A5INGNC2JF9Q
Somerleyton Farms,NR32 5QQ,http://www.farmsunday.org/ofs12b/visit/event_details.eb?guid=1OXH0BEN62.A4P8RVYYMC84R
South Angle Farm Park,CB7 5HX,http://www.farmsunday.org/ofs12b/visit/event_details.eb?guid=1OXH0BEN62.A1DYE4R06XMKX
Southview Farm Dairy,RH20 1NP,http://www.farmsunday.org/ofs12b/visit/event_details.eb?guid=1OXH0BEN62.A3Y21H1KLKXYT
Sparrow Hall,YO62 6RW,http://www.farmsunday.org/ofs12b/visit/event_details.eb?guid=1OXH0BEN62.A3SLJY5RQX0UI
Spond Farm,ST10 4BN,http://www.farmsunday.org/ofs12b/visit/event_details.eb?guid=1OXH0BEN62.A5Y0PC0J6KPOX
SRUC Barony Campus,DG1 3NE,http://www.farmsunday.org/ofs12b/visit/event_details.eb?guid=1OXH0BEN62.A6LUN4WYSEY5M
SRUC Crichton Royal Farm Visitor Centre,DG1 4AS,http://www.farmsunday.org/ofs12b/visit/event_details.eb?guid=1OXH0BEN62.A6ROS7C6XESFS
SRUC Oatridge Campus,EH52 6NH,http://www.farmsunday.org/ofs12b/visit/event_details.eb?guid=1OXH0BEN62.A5F3SFQATMR31
Stanton House Farm,DE15 9TQ,http://www.farmsunday.org/ofs12b/visit/event_details.eb?guid=1OXH0BEN62.A6DHJ41KHFPYE
Stepney City Farm,E1 3DG,http://www.farmsunday.org/ofs12b/visit/event_details.eb?guid=1OXH0BEN62.A6G5SZEDCKBEN
Stepney Hill Farm,YO12 5NL,http://www.farmsunday.org/ofs12b/visit/event_details.eb?guid=1OXH0BEN62.A5JL833FPN5AA
Stirley Community Farm,HD4 6RP,http://www.farmsunday.org/ofs12b/visit/event_details.eb?guid=1OXH0BEN62.A2VTF1VIMOZPU
Stonebeckgate,YO21 2NS,http://www.farmsunday.org/ofs12b/visit/event_details.eb?guid=1OXH0BEN62.A4K1YXUM1NRGR
Sunday Hill Farm,SN15 5AS,http://www.farmsunday.org/ofs12b/visit/event_details.eb?guid=1OXH0BEN62.A6XC5MP47P1EV
Sunnyside Farm,EX31 4QJ,http://www.farmsunday.org/ofs12b/visit/event_details.eb?guid=1OXH0BEN62.A2VSZVKUJSI90
Sycamore Farm,NG12 5NB,http://www.farmsunday.org/ofs12b/visit/event_details.eb?guid=1OXH0BEN62.A4IWXQ8511NKS
T Brown & Son (Covington) Ltd,PE28 0RU,http://www.farmsunday.org/ofs12b/visit/event_details.eb?guid=1OXH0BEN62.A45GOD57HLR90
Talton Mill,CV37 8UG,http://www.farmsunday.org/ofs12b/visit/event_details.eb?guid=1OXH0BEN62.A6XD7HXAC3QAP
The Bromborough Estate Company Ltd,NN29 7HP,http://www.farmsunday.org/ofs12b/visit/event_details.eb?guid=1OXH0BEN62.A5PEY7266USU2
The Chestnuts Farm,PE24 5AH,http://www.farmsunday.org/ofs12b/visit/event_details.eb?guid=1OXH0BEN62.A4LEWUN6Z3ZLJ
The College of West Anglia,CB24 6DB,http://www.farmsunday.org/ofs12b/visit/event_details.eb?guid=1OXH0BEN62.A4ZOC1PKNVGRG
The Croft,CA3 0LD,http://www.farmsunday.org/ofs12b/visit/event_details.eb?guid=1OXH0BEN62.A6HMH52AYEVGC
The Farmschool; Annables Farm,AL5 3PR,http://www.farmsunday.org/ofs12b/visit/event_details.eb?guid=1OXH0BEN62.A2LMU7LJQ6542
The James Hutton Institute,DD2 5DA,http://www.farmsunday.org/ofs12b/visit/event_details.eb?guid=1OXH0BEN62.A4PNHM476N843
The Stables Farm Shop; Cafe & Farm Park,B96 6PS,http://www.farmsunday.org/ofs12b/visit/event_details.eb?guid=1OXH0BEN62.A4VBQZHUCC63M
The Store Farm Shop; Butchery & Coffee Shop,AB41 6AY,http://www.farmsunday.org/ofs12b/visit/event_details.eb?guid=1OXH0BEN62.A3A197HFKOQ2R
The Welbeck Estates Company Ltd (ONLY OPEN SUN 14TH JUNE 2015),S80 3LR,http://www.farmsunday.org/ofs12b/visit/event_details.eb?guid=1OXH0BEN62.A4LBAU84GIYZ2
The Wellbeing Farm,BL7 0BY,http://www.farmsunday.org/ofs12b/visit/event_details.eb?guid=1OXH0BEN62.A342ADSIG647E
Thorpe Farm,S32 1BQ,http://www.farmsunday.org/ofs12b/visit/event_details.eb?guid=1OXH0BEN62.A62GKLUAQE23
Tregullas Farm,TR12 7NL,http://www.farmsunday.org/ofs12b/visit/event_details.eb?guid=1OXH0BEN62.A1PAS91ZTJGSX
Treraven Farm,PL27 7JZ,http://www.farmsunday.org/ofs12b/visit/event_details.eb?guid=1OXH0BEN62.A6CKHS2JJQFKR
Treworgan Farm,HR9 6HB,http://www.farmsunday.org/ofs12b/visit/event_details.eb?guid=1OXH0BEN62.A2EFXXZTKT4DW
Triangle Farm,CB7 5HX,http://www.farmsunday.org/ofs12b/visit/event_details.eb?guid=1OXH0BEN62.A3H0L3YROFJJG
Trill Farm,EX13 8TU,http://www.farmsunday.org/ofs12b/visit/event_details.eb?guid=1OXH0BEN62.A2Q46ZEK229MB
Ty Tanglwyst Farm,CF33 4SA,http://www.farmsunday.org/ofs12b/visit/event_details.eb?guid=1OXH0BEN62.A3TU296ET4G4Y
Tynings Field Community Smallholding,BS11 9UG,http://www.farmsunday.org/ofs12b/visit/event_details.eb?guid=1OXH0BEN62.A6NP5KRV78AGT
Uncle Henry's,DN21 4JD,http://www.farmsunday.org/ofs12b/visit/event_details.eb?guid=1OXH0BEN62.A45DDQ5MG8ZGM
Uncllys Farm,DY12 2LR,http://www.farmsunday.org/ofs12b/visit/event_details.eb?guid=1OXH0BEN62.A6URSIQW43JU1
Valefresco Ltd,WR11 8RE,http://www.farmsunday.org/ofs12b/visit/event_details.eb?guid=1OXH0BEN62.A6LT7RFVQKR4L
VistaVeg Ltd,CA10 3HY,http://www.farmsunday.org/ofs12b/visit/event_details.eb?guid=1OXH0BEN62.A3A0Z81X95RV7
W & S Walters,TQ7 4EU,http://www.farmsunday.org/ofs12b/visit/event_details.eb?guid=1OXH0BEN62.A7G6SVP8UYKIG
Walford Farm,SY4 2HL,http://www.farmsunday.org/ofs12b/visit/event_details.eb?guid=1OXH0BEN62.A45NWVOIEGTB5
Warren Farm,DA12 3ED,http://www.farmsunday.org/ofs12b/visit/event_details.eb?guid=1OXH0BEN62.A45C0920FO0K0
Washbrook Farm,GL55 6NW,http://www.farmsunday.org/ofs12b/visit/event_details.eb?guid=1OXH0BEN62.A68YPBSFF02QB
Washingpool Farm,DT6 5HP,http://www.farmsunday.org/ofs12b/visit/event_details.eb?guid=1OXH0BEN62.A4ZBG9KCBD11E
Weir End Farm,HR9 6AL,http://www.farmsunday.org/ofs12b/visit/event_details.eb?guid=1OXH0BEN62.A1CBX3HJSGBMN
Wenderton Farm,CT3 1EL,http://www.farmsunday.org/ofs12b/visit/event_details.eb?guid=1OXH0BEN62.A73EN0BADBQX5
Werndolau Farm,SA32 8NE,http://www.farmsunday.org/ofs12b/visit/event_details.eb?guid=1OXH0BEN62.A5WFF993RWDQ5
West Craigie Farm (OPEN SAT 6TH & SUN 7TH JUNE 2015),EH30 9TR,http://www.farmsunday.org/ofs12b/visit/event_details.eb?guid=1OXH0BEN62.A413C6KXEOYG7
West Town Farm,EX2 9TG,http://www.farmsunday.org/ofs12b/visit/event_details.eb?guid=1OXH0BEN62.A5QJ5ERLIKFWU
Westlands Farm,SO32 2JW,http://www.farmsunday.org/ofs12b/visit/event_details.eb?guid=1OXH0BEN62.A5NZIOFGEGT60
Living Larder,PO36 0JT,http://www.farmsunday.org/ofs12b/visit/event_details.eb?guid=1OXH0BEN62.A2IW99DKLSDCI
Wheelbirks Farm,NE43 7HY,http://www.farmsunday.org/ofs12b/visit/event_details.eb?guid=1OXH0BEN62.A2D6QHHMLVZ0X
Whetstone Pastures Farm,LE8 6LX,http://www.farmsunday.org/ofs12b/visit/event_details.eb?guid=1OXH0BEN62.A6W0AZTY2ZO1H
White Pond Farm,RG9 6HG,http://www.farmsunday.org/ofs12b/visit/event_details.eb?guid=1OXH0BEN62.A6VXDT5WN5L90
Wickham Fruit Farm,CO9 2PX,http://www.farmsunday.org/ofs12b/visit/event_details.eb?guid=1OXH0BEN62.A4L1O0AB90VOT
Wilkin & Sons Ltd,CO5 0RF,http://www.farmsunday.org/ofs12b/visit/event_details.eb?guid=1OXH0BEN62.A1M6A6ALM5FZA
Willow Farm,DY13 9SU,http://www.farmsunday.org/ofs12b/visit/event_details.eb?guid=1OXH0BEN62.A3ZYPSA3Y4JOS
Wisbech Contract Farming Limited,PE14 7EF,http://www.farmsunday.org/ofs12b/visit/event_details.eb?guid=1OXH0BEN62.A71JBCOVG9ITD
Ramsden Rare Breeds @ Hilltop Garden Centre,OX7 3AS,http://www.farmsunday.org/ofs12b/visit/event_details.eb?guid=1OXH0BEN62.A2RYZEMHWVU4O
Wood Park Farm,CH64 7TB,http://www.farmsunday.org/ofs12b/visit/event_details.eb?guid=1OXH0BEN62.A60J0PX2EANPP
Woodfields Farm,NR20 4EN,http://www.farmsunday.org/ofs12b/visit/event_details.eb?guid=1OXH0BEN62.A6GMBNHE375DQ
Woodrow Farm,LN13 9RL,http://www.farmsunday.org/ofs12b/visit/event_details.eb?guid=1OXH0BEN62.A7BITT0J7GIK6
Wookey Farm,BA5 1DT,http://www.farmsunday.org/ofs12b/visit/event_details.eb?guid=1OXH0BEN62.A7CCIP7TJ1RWX
Worth Farms,PE12 8LR,http://www.farmsunday.org/ofs12b/visit/event_details.eb?guid=1OXH0BEN62.A362NPPMDU1GB
